"","cc","diam","edge.dens","btwn","eigen","path.length","size","mod","mean.deg","mean.in","mean.out","num.graphs","network"
"1",0.960769520935496,0.105263157894737,0.953216374269006,0.028322440087146,0.721819197812658,0.0550938750384734,19,-0.00436599043998645,0.953216374269006,0.953216374269006,0.953216374269006,1,"chaco800"
"2",0.923707210487983,0.08,0.883333333333333,0.00507246376811594,0.907336825277386,0.0446666666666667,25,0.0251690993236028,0.883333333333333,0.883333333333333,0.883333333333333,2,"chaco800"
"3",0.914128108019101,0.0487804878048781,0.859756097560976,0.00359599749843652,0.887978333735782,0.0278108268887567,41,0.0519078517177205,0.859756097560976,0.859756097560976,0.859756097560976,3,"chaco800"
"4",0.897640487860481,0.0317460317460317,0.846902201740911,0.00250979997146047,0.871216287644579,0.0183031396549062,63,0.04761166729295,0.846902201740911,0.846902201740911,0.846902201740911,4,"chaco800"
"5",0.88997179480019,0.0294117647058824,0.833187006145742,0.0025274696038524,0.85919177998036,0.0171590146155038,68,0.0499322119340308,0.833187006145742,0.833187006145742,0.833187006145742,5,"chaco800"
"6",0.863768297357983,0.027027027027027,0.79415031469826,0.00285902340696861,0.827741085715372,0.0162952660175911,74,0.0440379045973451,0.79415031469826,0.79415031469826,0.79415031469826,6,"chaco800"
"7",0.862538162903773,0.0266666666666667,0.792792792792793,0.00283845489324941,0.826199763360284,0.0160960960960961,75,0.0400677685950414,0.792792792792793,0.792792792792793,0.792792792792793,7,"chaco800"
"8",0.832090591121861,0.0212765957446809,0.733928162891787,0.00289208518595884,0.776955938360811,0.0134688493309384,94,0.0644873652060621,0.733928162891787,0.733928162891787,0.733928162891787,8,"chaco800"
"9",0.872092976892672,0.0114942528735632,0.735565743139991,0.00153740847011633,0.792875148530932,0.00726686354517247,174,0.0822543884371004,0.735565743139991,0.735565743139991,0.735565743139991,9,"chaco800"
"10",0.887026687200859,0.0105263157894737,0.746254525201894,0.00134970997233035,0.80665562347126,0.00659866039367424,190,0.0749543005140313,0.746254525201894,0.746254525201894,0.746254525201894,10,"chaco800"
"11",0.897938699855222,0.00809716599190283,0.759784075573549,0.000980473160924288,0.820301057876881,0.0050211171029411,247,0.0598544778188844,0.759784075573549,0.759784075573549,0.759784075573549,11,"chaco800"
"12",0.897100658273563,0.00806451612903226,0.758358364894867,0.000982283069533059,0.819224057662364,0.00500661949639166,248,0.0595468430539784,0.758358364894867,0.758358364894867,0.758358364894867,12,"chaco800"
"13",0.887542853823888,0.00757575757575758,0.744210162461113,0.000976297089843079,0.806323706018835,0.0047567796876473,264,0.0700610304829627,0.744210162461113,0.744210162461113,0.744210162461113,13,"chaco800"
"14",0.887577855004555,0.00754716981132075,0.744196683819325,0.000972636183196481,0.806334107757214,0.00473888043841764,265,0.0699723415266597,0.744196683819325,0.744196683819325,0.744196683819325,14,"chaco800"
"15",0.879880154531064,0.00735294117647059,0.735131321901454,0.000980995104068687,0.797703425267535,0.00465025249300936,272,0.0705511079376118,0.735131321901454,0.735131321901454,0.735131321901454,15,"chaco800"
"16",0.871594089244349,0.00719424460431655,0.722644988702179,0.00100490946122399,0.786934761892252,0.00459480219891303,278,0.0706982093154094,0.722644988702179,0.722644988702179,0.722644988702179,16,"chaco800"
"17",0.872106636771479,0.00719424460431655,0.7236059527829,0.00100142770730833,0.78766767250979,0.00459134549358669,278,0.0707576291803398,0.7236059527829,0.7236059527829,0.7236059527829,17,"chaco800"
"18",0.872106636771479,0.00719424460431655,0.7236059527829,0.00100142770730833,0.787667672509789,0.00459134549358669,278,0.0707576291803398,0.7236059527829,0.7236059527829,0.7236059527829,18,"chaco800"
"19",0.872106636771479,0.00719424460431655,0.7236059527829,0.00100142770730833,0.78766767250979,0.00459134549358669,278,0.0707576291803398,0.7236059527829,0.7236059527829,0.7236059527829,19,"chaco800"
"20",0.872106636771479,0.00719424460431655,0.7236059527829,0.00100142770730833,0.787667672509789,0.00459134549358669,278,0.0707576291803398,0.7236059527829,0.7236059527829,0.7236059527829,20,"chaco800"
"21",0.923707210487983,0.08,0.883333333333333,0.0222001693958216,0.574103311579461,0.0446666666666667,25,0.0331149875400498,0.883333333333333,0.883333333333333,0.883333333333333,1,"chaco825"
"22",0.914128108019101,0.0487804878048781,0.859756097560976,0.00359599749843652,0.887978333735782,0.0278108268887567,41,0.0519078517177205,0.859756097560976,0.859756097560976,0.859756097560976,2,"chaco825"
"23",0.897640487860481,0.0317460317460317,0.846902201740911,0.00250979997146047,0.871216287644579,0.0183031396549062,63,0.04761166729295,0.846902201740911,0.846902201740911,0.846902201740911,3,"chaco825"
"24",0.88997179480019,0.0294117647058824,0.833187006145742,0.0025274696038524,0.85919177998036,0.0171590146155038,68,0.0499322119340308,0.833187006145742,0.833187006145742,0.833187006145742,4,"chaco825"
"25",0.863768297357983,0.027027027027027,0.79415031469826,0.00285902340696861,0.827741085715372,0.0162952660175911,74,0.0440379045973451,0.79415031469826,0.79415031469826,0.79415031469826,5,"chaco825"
"26",0.862538162903773,0.0266666666666667,0.792792792792793,0.00283845489324941,0.826199763360284,0.0160960960960961,75,0.0400677685950414,0.792792792792793,0.792792792792793,0.792792792792793,6,"chaco825"
"27",0.832090591121861,0.0212765957446809,0.733928162891787,0.00289208518595884,0.776955938360811,0.0134688493309384,94,0.0644873652060621,0.733928162891787,0.733928162891787,0.733928162891787,7,"chaco825"
"28",0.872092976892672,0.0114942528735632,0.735565743139991,0.00153740847011633,0.792875148530931,0.00726686354517247,174,0.0822543884371004,0.735565743139991,0.735565743139991,0.735565743139991,8,"chaco825"
"29",0.887026687200859,0.0105263157894737,0.746254525201894,0.00134970997233035,0.80665562347126,0.00659866039367424,190,0.0749543005140313,0.746254525201894,0.746254525201894,0.746254525201894,9,"chaco825"
"30",0.897938699855222,0.00809716599190283,0.759784075573549,0.000980473160924288,0.820301057876881,0.0050211171029411,247,0.0598544778188844,0.759784075573549,0.759784075573549,0.759784075573549,10,"chaco825"
"31",0.897100658273563,0.00806451612903226,0.758358364894867,0.000982283069533059,0.819224057662364,0.00500661949639166,248,0.0595468430539784,0.758358364894867,0.758358364894867,0.758358364894867,11,"chaco825"
"32",0.887542853823888,0.00757575757575758,0.744210162461113,0.000976297089843079,0.806323706018834,0.0047567796876473,264,0.0700610304829627,0.744210162461113,0.744210162461113,0.744210162461113,12,"chaco825"
"33",0.887577855004555,0.00754716981132075,0.744196683819325,0.000972636183196481,0.806334107757214,0.00473888043841764,265,0.0699723415266597,0.744196683819325,0.744196683819325,0.744196683819325,13,"chaco825"
"34",0.879880154531064,0.00735294117647059,0.735131321901454,0.000980995104068687,0.797703425267535,0.00465025249300936,272,0.0705511079376118,0.735131321901454,0.735131321901454,0.735131321901454,14,"chaco825"
"35",0.871594089244349,0.00719424460431655,0.722644988702179,0.00100490946122399,0.786934761892251,0.00459480219891303,278,0.0706982093154094,0.722644988702179,0.722644988702179,0.722644988702179,15,"chaco825"
"36",0.872106636771479,0.00719424460431655,0.7236059527829,0.00100142770730833,0.78766767250979,0.00459134549358669,278,0.0707576291803398,0.7236059527829,0.7236059527829,0.7236059527829,16,"chaco825"
"37",0.872106636771479,0.00719424460431655,0.7236059527829,0.00100142770730833,0.787667672509789,0.00459134549358669,278,0.0707576291803398,0.7236059527829,0.7236059527829,0.7236059527829,17,"chaco825"
"38",0.872106636771479,0.00719424460431655,0.7236059527829,0.00100142770730833,0.787667672509789,0.00459134549358669,278,0.0707576291803398,0.7236059527829,0.7236059527829,0.7236059527829,18,"chaco825"
"39",0.872106636771479,0.00719424460431655,0.7236059527829,0.00100142770730833,0.787667672509789,0.00459134549358669,278,0.0707576291803398,0.7236059527829,0.7236059527829,0.7236059527829,19,"chaco825"
"40",0.923707210487983,0.08,0.883333333333333,0.00507246376811594,0.907336825277386,0.0446666666666667,25,0.0251690993236028,0.883333333333333,0.883333333333333,0.883333333333333,2,"chaco825"
"41",0.914128108019101,0.0487804878048781,0.859756097560976,0.0145874224274787,0.571846378199852,0.0278108268887567,41,0.0503837835118957,0.859756097560976,0.859756097560976,0.859756097560976,1,"chaco850"
"42",0.897640487860481,0.0317460317460317,0.846902201740911,0.00250979997146047,0.871216287644579,0.0183031396549062,63,0.04761166729295,0.846902201740911,0.846902201740911,0.846902201740911,2,"chaco850"
"43",0.88997179480019,0.0294117647058824,0.833187006145742,0.0025274696038524,0.85919177998036,0.0171590146155038,68,0.0499322119340308,0.833187006145742,0.833187006145742,0.833187006145742,3,"chaco850"
"44",0.863768297357983,0.027027027027027,0.79415031469826,0.00285902340696861,0.827741085715372,0.0162952660175911,74,0.0440379045973451,0.79415031469826,0.79415031469826,0.79415031469826,4,"chaco850"
"45",0.862538162903773,0.0266666666666667,0.792792792792793,0.00283845489324941,0.826199763360284,0.0160960960960961,75,0.0400677685950414,0.792792792792793,0.792792792792793,0.792792792792793,5,"chaco850"
"46",0.832090591121861,0.0212765957446809,0.733928162891787,0.00289208518595884,0.776955938360811,0.0134688493309384,94,0.0644873652060621,0.733928162891787,0.733928162891787,0.733928162891787,6,"chaco850"
"47",0.872092976892672,0.0114942528735632,0.735565743139991,0.00153740847011633,0.792875148530932,0.00726686354517247,174,0.0822543884371004,0.735565743139991,0.735565743139991,0.735565743139991,7,"chaco850"
"48",0.887026687200859,0.0105263157894737,0.746254525201894,0.00134970997233035,0.80665562347126,0.00659866039367424,190,0.0749543005140313,0.746254525201894,0.746254525201894,0.746254525201894,8,"chaco850"
"49",0.897938699855222,0.00809716599190283,0.759784075573549,0.000980473160924288,0.820301057876881,0.0050211171029411,247,0.0598544778188844,0.759784075573549,0.759784075573549,0.759784075573549,9,"chaco850"
"50",0.897100658273563,0.00806451612903226,0.758358364894867,0.000982283069533059,0.819224057662364,0.00500661949639166,248,0.0595468430539784,0.758358364894867,0.758358364894867,0.758358364894867,10,"chaco850"
"51",0.887542853823888,0.00757575757575758,0.744210162461113,0.000976297089843079,0.806323706018834,0.0047567796876473,264,0.0700610304829627,0.744210162461113,0.744210162461113,0.744210162461113,11,"chaco850"
"52",0.887577855004555,0.00754716981132075,0.744196683819325,0.000972636183196481,0.806334107757214,0.00473888043841764,265,0.0699723415266597,0.744196683819325,0.744196683819325,0.744196683819325,12,"chaco850"
"53",0.879880154531064,0.00735294117647059,0.735131321901454,0.000980995104068687,0.797703425267535,0.00465025249300936,272,0.0705511079376118,0.735131321901454,0.735131321901454,0.735131321901454,13,"chaco850"
"54",0.871594089244349,0.00719424460431655,0.722644988702179,0.00100490946122399,0.786934761892252,0.00459480219891303,278,0.0706982093154094,0.722644988702179,0.722644988702179,0.722644988702179,14,"chaco850"
"55",0.872106636771479,0.00719424460431655,0.7236059527829,0.00100142770730833,0.787667672509789,0.00459134549358669,278,0.0707576291803398,0.7236059527829,0.7236059527829,0.7236059527829,15,"chaco850"
"56",0.872106636771479,0.00719424460431655,0.7236059527829,0.00100142770730833,0.787667672509789,0.00459134549358669,278,0.0707576291803398,0.7236059527829,0.7236059527829,0.7236059527829,16,"chaco850"
"57",0.872106636771479,0.00719424460431655,0.7236059527829,0.00100142770730833,0.787667672509789,0.00459134549358669,278,0.0707576291803398,0.7236059527829,0.7236059527829,0.7236059527829,17,"chaco850"
"58",0.872106636771479,0.00719424460431655,0.7236059527829,0.00100142770730833,0.78766767250979,0.00459134549358669,278,0.0707576291803398,0.7236059527829,0.7236059527829,0.7236059527829,18,"chaco850"
"59",0.914128108019101,0.0487804878048781,0.859756097560976,0.00359599749843652,0.887978333735782,0.0278108268887567,41,0.0519078517177205,0.859756097560976,0.859756097560976,0.859756097560976,2,"chaco850"
"60",0.914128108019101,0.0487804878048781,0.859756097560976,0.00359599749843652,0.887978333735782,0.0278108268887567,41,0.0519078517177205,0.859756097560976,0.859756097560976,0.859756097560976,3,"chaco850"
"61",0.910284781425721,0.0327868852459016,0.865027322404372,0.0100146231600412,0.607936211661903,0.0186061094687808,61,0.0367813578334873,0.865027322404372,0.865027322404372,0.865027322404372,1,"chaco875"
"62",0.901920667240974,0.0303030303030303,0.851748251748252,0.00231643356643357,0.874921768935403,0.0173977537613901,66,0.0418241370622324,0.851748251748252,0.851748251748252,0.851748251748252,2,"chaco875"
"63",0.874356081047932,0.0277777777777778,0.811424100156495,0.00269394142633579,0.842259405454855,0.0165079986089376,72,0.0387837802651926,0.811424100156494,0.811424100156494,0.811424100156494,3,"chaco875"
"64",0.872965040797539,0.0273972602739726,0.810121765601218,0.00267434132956032,0.840730390491685,0.0162997018410792,73,0.0382704035020642,0.810121765601218,0.810121765601218,0.810121765601218,4,"chaco875"
"65",0.840074614847818,0.0217391304347826,0.749402771141902,0.00278441365397887,0.789636198385883,0.0135934481397619,92,0.0565274929225552,0.749402771141902,0.749402771141902,0.749402771141902,5,"chaco875"
"66",0.87509494060195,0.0116279069767442,0.747994016047872,0.00148238814089487,0.801719248216022,0.00727910455786121,172,0.0784590041322313,0.747994016047872,0.747994016047872,0.747994016047872,6,"chaco875"
"67",0.889567825300568,0.0106382978723404,0.758220502901354,0.00129988976934756,0.8149793545321,0.00660521009095024,188,0.071402565940842,0.758220502901354,0.758220502901354,0.758220502901354,7,"chaco875"
"68",0.899439870591839,0.00816326530612245,0.769889595182335,0.000946956398426603,0.826900766222094,0.00502085879517414,245,0.0643792039863783,0.769889595182335,0.769889595182335,0.769889595182335,8,"chaco875"
"69",0.8985915698865,0.00813008130081301,0.768408826945412,0.000949144151863064,0.825788799182932,0.00500646818314873,246,0.0640028021168566,0.768408826945412,0.768408826945412,0.768408826945412,9,"chaco875"
"70",0.888871491140166,0.00763358778625954,0.753560878593782,0.000947842774639299,0.812398826292142,0.00475740122674129,262,0.0691384356712916,0.753560878593782,0.753560878593782,0.753560878593782,10,"chaco875"
"71",0.888895425278233,0.00760456273764259,0.753519287144806,0.000944370547337908,0.812387102873269,0.00473947039108439,263,0.0671061096478893,0.753519287144806,0.753519287144806,0.753519287144806,11,"chaco875"
"72",0.881126207049105,0.00740740740740741,0.74412777089357,0.000954747123531454,0.803539169954932,0.00465137862632011,270,0.0683969975953017,0.74412777089357,0.74412777089357,0.74412777089357,12,"chaco875"
"73",0.872787709984157,0.0072463768115942,0.731304347826087,0.000980641066328149,0.792567505552131,0.00459672337744171,276,0.0685961420339077,0.731304347826087,0.731304347826087,0.731304347826087,13,"chaco875"
"74",0.87329896688193,0.0072463768115942,0.732279314888011,0.000977082792379523,0.793305936384078,0.00459319088808692,276,0.0686685165472136,0.732279314888011,0.732279314888011,0.732279314888011,14,"chaco875"
"75",0.87329896688193,0.0072463768115942,0.732279314888011,0.000977082792379523,0.793305936384077,0.00459319088808692,276,0.0686685165472136,0.732279314888011,0.732279314888011,0.732279314888011,15,"chaco875"
"76",0.87329896688193,0.0072463768115942,0.732279314888011,0.000977082792379523,0.793305936384078,0.00459319088808692,276,0.0686685165472136,0.732279314888011,0.732279314888011,0.732279314888011,16,"chaco875"
"77",0.87329896688193,0.0072463768115942,0.732279314888011,0.000977082792379523,0.793305936384078,0.00459319088808692,276,0.0686685165472136,0.732279314888011,0.732279314888011,0.732279314888011,17,"chaco875"
"78",0.897640487860481,0.0317460317460317,0.846902201740911,0.00250979997146047,0.871216287644579,0.0183031396549062,63,0.04761166729295,0.846902201740911,0.846902201740911,0.846902201740911,2,"chaco875"
"79",0.897640487860481,0.0317460317460317,0.846902201740911,0.00250979997146047,0.871216287644579,0.0183031396549062,63,0.04761166729295,0.846902201740911,0.846902201740911,0.846902201740911,3,"chaco875"
"80",0.897640487860481,0.0317460317460317,0.846902201740911,0.00250979997146047,0.871216287644579,0.0183031396549062,63,0.04761166729295,0.846902201740911,0.846902201740911,0.846902201740911,4,"chaco875"
"81",0.914212226342864,0.0327868852459016,0.869945355191257,0.0100711430689249,0.610966232587557,0.0185254859804712,61,0.0325005602762556,0.869945355191257,0.869945355191257,0.869945355191257,1,"chaco900"
"82",0.887654116754085,0.0298507462686567,0.831750339213026,0.0025884563197996,0.859665968543022,0.0174365621012981,67,0.0343702587967015,0.831750339213026,0.831750339213026,0.831750339213026,2,"chaco900"
"83",0.886877322381471,0.0294117647058824,0.831431079894644,0.00255407454705084,0.859065883173951,0.0171848370603729,68,0.0333637095524242,0.831431079894644,0.831431079894644,0.831431079894644,3,"chaco900"
"84",0.856923038617633,0.0229885057471264,0.775728414862336,0.00263848923691369,0.812391400117651,0.0140720871854904,87,0.0557031653352496,0.775728414862336,0.775728414862336,0.775728414862336,4,"chaco900"
"85",0.885178874939163,0.0119760479041916,0.776639492100137,0.00135370004787796,0.82337049573996,0.00732551202335247,167,0.0458961657968047,0.776639492100137,0.776639492100137,0.776639492100137,5,"chaco900"
"86",0.89831489496047,0.0109289617486339,0.786224704257491,0.00118107898200281,0.835597329755355,0.00663265188930333,183,0.0631200928392412,0.786224704257491,0.786224704257491,0.786224704257491,6,"chaco900"
"87",0.904911991943934,0.00833333333333333,0.794177126917713,0.000864801987740703,0.843477358610389,0.0050242619711762,240,0.0559753517196108,0.794177126917713,0.794177126917713,0.794177126917713,7,"chaco900"
"88",0.90402776230868,0.00829875518672199,0.792565698478562,0.000867925947788445,0.84227751502022,0.00501010083618854,241,0.0556248336310559,0.792565698478562,0.792565698478562,0.792565698478562,8,"chaco900"
"89",0.893779243480068,0.00778210116731518,0.77608219844358,0.000878109025711451,0.827659074719919,0.00476232607609502,257,0.0303419185803082,0.77608219844358,0.77608219844358,0.77608219844358,9,"chaco900"
"90",0.893765798709446,0.00775193798449612,0.775978041202908,0.000875085776551142,0.827593511057734,0.00474427115812826,258,0.0305573755341493,0.775978041202908,0.775978041202908,0.775978041202908,10,"chaco900"
"91",0.885746154757483,0.00754716981132075,0.765809033733562,0.000890459947781133,0.818199513239407,0.00465732440100543,265,0.0385270341953965,0.765809033733562,0.765809033733562,0.765809033733562,11,"chaco900"
"92",0.877216144439837,0.00738007380073801,0.75216618832855,0.000921315285023978,0.806713223831648,0.00460455281059576,271,0.0401647093215285,0.75216618832855,0.75216618832855,0.75216618832855,12,"chaco900"
"93",0.877722469112667,0.00738007380073801,0.753177531775318,0.000917555643957926,0.807466714646723,0.00460082091595824,271,0.0401525758631036,0.753177531775318,0.753177531775318,0.753177531775318,13,"chaco900"
"94",0.877722469112667,0.00738007380073801,0.753177531775318,0.000917555643957926,0.807466714646723,0.00460082091595824,271,0.0401525758631036,0.753177531775318,0.753177531775318,0.753177531775318,14,"chaco900"
"95",0.877722469112667,0.00738007380073801,0.753177531775318,0.000917555643957926,0.807466714646723,0.00460082091595824,271,0.0401525758631036,0.753177531775318,0.753177531775318,0.753177531775318,15,"chaco900"
"96",0.877722469112667,0.00738007380073801,0.753177531775318,0.000917555643957926,0.807466714646723,0.00460082091595824,271,0.0401525758631036,0.753177531775318,0.753177531775318,0.753177531775318,16,"chaco900"
"97",0.88997179480019,0.0294117647058824,0.833187006145742,0.0025274696038524,0.85919177998036,0.0171590146155038,68,0.0499322119340308,0.833187006145742,0.833187006145742,0.833187006145742,2,"chaco900"
"98",0.88997179480019,0.0294117647058824,0.833187006145742,0.0025274696038524,0.85919177998036,0.0171590146155038,68,0.0499322119340308,0.833187006145742,0.833187006145742,0.833187006145742,3,"chaco900"
"99",0.88997179480019,0.0294117647058824,0.833187006145742,0.0025274696038524,0.85919177998036,0.0171590146155038,68,0.0499322119340308,0.833187006145742,0.833187006145742,0.833187006145742,4,"chaco900"
"100",0.901920667240974,0.0303030303030303,0.851748251748252,0.00231643356643357,0.874921768935403,0.0173977537613901,66,0.0418241370622324,0.851748251748252,0.851748251748252,0.851748251748252,5,"chaco900"
"101",0.913523642452755,0.0333333333333333,0.83954802259887,0.00920036367990482,0.597870280037918,0.0188583674264563,60,0.0100163210149824,0.83954802259887,0.83954802259887,0.83954802259887,1,"chaco925"
"102",0.914391310906622,0.0333333333333333,0.870621468926554,0.00223066432885252,0.890983407941726,0.0188229755178908,60,0.0313221017896719,0.870621468926554,0.870621468926554,0.870621468926554,2,"chaco925"
"103",0.892331193164188,0.0253164556962025,0.827328789354106,0.00224248325514148,0.853858979665314,0.0148439393752645,79,0.0540400692523057,0.827328789354106,0.827328789354106,0.827328789354106,3,"chaco925"
"104",0.903071934465398,0.0125786163522013,0.828914895310883,0.00108971404260584,0.860409148223425,0.00736531512383093,159,0.0408160912177783,0.828914895310883,0.828914895310883,0.828914895310883,4,"chaco925"
"105",0.913663681670902,0.0114285714285714,0.836781609195402,0.000943458906384958,0.870682903055959,0.00664696223316913,175,0.0326215131022824,0.836781609195402,0.836781609195402,0.836781609195402,5,"chaco925"
"106",0.914374939058679,0.00862068965517241,0.836953276608449,0.000708898797354569,0.871372216554085,0.00501313242841186,232,0.021083302311457,0.836953276608449,0.836953276608449,0.836953276608449,6,"chaco925"
"107",0.913430429991504,0.00858369098712446,0.835096936510286,0.000713866075713049,0.870018176681877,0.00499958396347517,233,0.0209325599013938,0.835096936510286,0.835096936510286,0.835096936510286,7,"chaco925"
"108",0.902261263910251,0.00803212851405622,0.815520145096515,0.000746882003657833,0.853251190441585,0.00475694720844773,249,0.0376836388802844,0.815520145096515,0.815520145096515,0.815520145096515,8,"chaco925"
"109",0.90218263953181,0.008,0.815293172690763,0.000744785593988858,0.8530909268613,0.00473882730923695,250,0.0375533812568678,0.815293172690763,0.815293172690763,0.815293172690763,9,"chaco925"
"110",0.893727939581567,0.00778210116731518,0.803684338521401,0.000769865339131761,0.842750693286514,0.00465492475283502,257,0.0389824599713632,0.803684338521401,0.803684338521401,0.803684338521401,10,"chaco925"
"111",0.884865323380355,0.00760456273764259,0.788552520825472,0.000810143598369837,0.8303773559721,0.00460626417937083,263,0.0379317158966205,0.788552520825472,0.788552520825472,0.788552520825472,11,"chaco925"
"112",0.885362328716271,0.00760456273764259,0.7896264476243,0.000806028936305365,0.831156365645093,0.00460218080751217,263,0.0402730458270829,0.7896264476243,0.7896264476243,0.7896264476243,12,"chaco925"
"113",0.885362328716271,0.00760456273764259,0.7896264476243,0.000806028936305365,0.831156365645093,0.00460218080751217,263,0.0402730458270829,0.7896264476243,0.7896264476243,0.7896264476243,13,"chaco925"
"114",0.885362328716271,0.00760456273764259,0.7896264476243,0.000806028936305365,0.831156365645093,0.00460218080751217,263,0.0402730458270829,0.7896264476243,0.7896264476243,0.7896264476243,14,"chaco925"
"115",0.885362328716271,0.00760456273764259,0.7896264476243,0.000806028936305365,0.831156365645093,0.00460218080751217,263,0.0402730458270829,0.7896264476243,0.7896264476243,0.7896264476243,15,"chaco925"
"116",0.863768297357983,0.027027027027027,0.79415031469826,0.00285902340696861,0.827741085715372,0.0162952660175911,74,0.0440379045973451,0.79415031469826,0.79415031469826,0.79415031469826,2,"chaco925"
"117",0.863768297357983,0.027027027027027,0.79415031469826,0.00285902340696861,0.827741085715372,0.0162952660175911,74,0.0440379045973451,0.79415031469826,0.79415031469826,0.79415031469826,3,"chaco925"
"118",0.863768297357983,0.027027027027027,0.79415031469826,0.00285902340696861,0.827741085715372,0.0162952660175911,74,0.0440379045973451,0.79415031469826,0.79415031469826,0.79415031469826,4,"chaco925"
"119",0.874356081047932,0.0277777777777778,0.811424100156495,0.00269394142633579,0.842259405454854,0.0165079986089376,72,0.0387837802651926,0.811424100156494,0.811424100156494,0.811424100156494,5,"chaco925"
"120",0.887654116754085,0.0298507462686567,0.831750339213026,0.0025884563197996,0.859665968543022,0.0174365621012981,67,0.0343702587967015,0.831750339213026,0.831750339213026,0.831750339213026,6,"chaco925"
"121",0.918283346596054,0.0344827586206897,0.878402903811252,0.0102235402166581,0.618891478545778,0.0193378809687715,58,0.00316937215885376,0.878402903811252,0.878402903811252,0.878402903811252,1,"chaco950"
"122",0.900601503759399,0.025974025974026,0.840738209159262,0.00212349054454318,0.865326524140713,0.0150553479329966,77,0.0477440676845793,0.840738209159262,0.840738209159262,0.840738209159262,2,"chaco950"
"123",0.908259055906726,0.0127388535031847,0.84296913277805,0.00101310236917387,0.870101871803307,0.00736962335810159,157,0.0409232061133701,0.84296913277805,0.84296913277805,0.84296913277805,3,"chaco950"
"124",0.918191176594295,0.0115606936416185,0.850315902675091,0.000875345598391282,0.879823175895969,0.00664557281690699,173,0.0327379537067179,0.850315902675091,0.850315902675091,0.850315902675091,4,"chaco950"
"125",0.917212271216186,0.00869565217391304,0.848224795898994,0.000665680719741256,0.878562153349201,0.00500771827870003,230,0.020584735798849,0.848224795898994,0.848224795898994,0.848224795898994,5,"chaco950"
"126",0.916249877588749,0.00865800865800866,0.846301524562394,0.000671172381823606,0.877167321294503,0.00499436569453509,231,0.0203062102737969,0.846301524562394,0.846301524562394,0.846301524562394,6,"chaco950"
"127",0.904800447831356,0.00809716599190283,0.825878015865179,0.000710701976060494,0.859834601106559,0.00475353030014098,247,0.0377662127837216,0.825878015865179,0.825878015865179,0.825878015865179,7,"chaco950"
"128",0.904703675249601,0.00806451612903226,0.825617082408254,0.000708873648746936,0.859649290539644,0.0047354149902893,248,0.0376358926552873,0.825617082408254,0.825617082408254,0.825617082408254,8,"chaco950"
"129",0.896117970544125,0.00784313725490196,0.813617415470125,0.000736690057430336,0.84906099984259,0.00465248072364657,255,0.039063891243629,0.813617415470125,0.813617415470125,0.813617415470125,9,"chaco950"
"130",0.887151579121476,0.00766283524904215,0.798084291187739,0.000779597331321469,0.836455674932987,0.00460504102993203,261,0.0379943034008838,0.798084291187739,0.798084291187739,0.798084291187739,10,"chaco950"
"131",0.887645584057993,0.00766283524904215,0.799174771588565,0.000775386982283534,0.837241484350765,0.00460086294410512,261,0.0403531581961081,0.799174771588565,0.799174771588565,0.799174771588565,11,"chaco950"
"132",0.885362328716271,0.00760456273764259,0.7896264476243,0.000806028936305365,0.831156365645093,0.00460218080751217,263,0.0402730458270829,0.7896264476243,0.7896264476243,0.7896264476243,12,"chaco950"
"133",0.885362328716271,0.00760456273764259,0.7896264476243,0.000806028936305365,0.831156365645093,0.00460218080751217,263,0.0402730458270829,0.7896264476243,0.7896264476243,0.7896264476243,13,"chaco950"
"134",0.885362328716271,0.00760456273764259,0.7896264476243,0.000806028936305365,0.831156365645093,0.00460218080751217,263,0.0402730458270829,0.7896264476243,0.7896264476243,0.7896264476243,14,"chaco950"
"135",0.862538162903773,0.0266666666666667,0.792792792792793,0.00283845489324941,0.826199763360284,0.0160960960960961,75,0.0400677685950414,0.792792792792793,0.792792792792793,0.792792792792793,2,"chaco950"
"136",0.862538162903773,0.0266666666666667,0.792792792792793,0.00283845489324941,0.826199763360284,0.0160960960960961,75,0.0400677685950414,0.792792792792793,0.792792792792793,0.792792792792793,3,"chaco950"
"137",0.862538162903773,0.0266666666666667,0.792792792792793,0.00283845489324941,0.826199763360284,0.0160960960960961,75,0.0400677685950414,0.792792792792793,0.792792792792793,0.792792792792793,4,"chaco950"
"138",0.872965040797539,0.0273972602739726,0.810121765601218,0.00267434132956032,0.840730390491685,0.0162997018410792,73,0.0382704035020642,0.810121765601218,0.810121765601218,0.810121765601218,5,"chaco950"
"139",0.886877322381471,0.0294117647058824,0.831431079894644,0.00255407454705084,0.859065883173951,0.0171848370603729,68,0.0333637095524242,0.831431079894644,0.831431079894644,0.831431079894644,6,"chaco950"
"140",0.914391310906622,0.0333333333333333,0.870621468926554,0.00223066432885252,0.890983407941726,0.0188229755178908,60,0.0313221017896719,0.870621468926554,0.870621468926554,0.870621468926554,7,"chaco950"
"141",0.900601503759399,0.038961038961039,0.840738209159262,0.00750152206608662,0.588958901357049,0.0150553479329966,77,0.0481588340273647,0.840738209159262,0.840738209159262,0.840738209159262,1,"chaco975"
"142",0.908259055906726,0.0127388535031847,0.84296913277805,0.00101310236917387,0.870101871803307,0.00736962335810159,157,0.0409232061133701,0.84296913277805,0.84296913277805,0.84296913277805,2,"chaco975"
"143",0.918191176594295,0.0115606936416185,0.850315902675091,0.000875345598391282,0.879823175895969,0.00664557281690699,173,0.0327379537067179,0.850315902675091,0.850315902675091,0.850315902675091,3,"chaco975"
"144",0.917212271216186,0.00869565217391304,0.848224795898994,0.000665680719741256,0.8785621533492,0.00500771827870003,230,0.020584735798849,0.848224795898994,0.848224795898994,0.848224795898994,4,"chaco975"
"145",0.916249877588749,0.00865800865800866,0.846301524562394,0.000671172381823606,0.877167321294504,0.00499436569453509,231,0.0203062102737969,0.846301524562394,0.846301524562394,0.846301524562394,5,"chaco975"
"146",0.904800447831356,0.00809716599190283,0.825878015865179,0.000710701976060494,0.85983460110656,0.00475353030014098,247,0.0377662127837216,0.825878015865179,0.825878015865179,0.825878015865179,6,"chaco975"
"147",0.904703675249601,0.00806451612903226,0.825617082408254,0.000708873648746935,0.859649290539644,0.0047354149902893,248,0.0376358926552873,0.825617082408254,0.825617082408254,0.825617082408254,7,"chaco975"
"148",0.896117970544125,0.00784313725490196,0.813617415470125,0.000736690057430336,0.849060999842589,0.00465248072364657,255,0.039063891243629,0.813617415470125,0.813617415470125,0.813617415470125,8,"chaco975"
"149",0.887151579121476,0.00766283524904215,0.798084291187739,0.000779597331321469,0.836455674932987,0.00460504102993203,261,0.0379943034008838,0.798084291187739,0.798084291187739,0.798084291187739,9,"chaco975"
"150",0.887645584057993,0.00766283524904215,0.799174771588565,0.000775386982283534,0.837241484350765,0.00460086294410512,261,0.0403531581961081,0.799174771588565,0.799174771588565,0.799174771588565,10,"chaco975"
"151",0.885362328716271,0.00760456273764259,0.7896264476243,0.000806028936305365,0.831156365645093,0.00460218080751217,263,0.0402730458270829,0.7896264476243,0.7896264476243,0.7896264476243,11,"chaco975"
"152",0.885362328716271,0.00760456273764259,0.7896264476243,0.000806028936305365,0.831156365645093,0.00460218080751217,263,0.0402730458270829,0.7896264476243,0.7896264476243,0.7896264476243,12,"chaco975"
"153",0.885362328716271,0.00760456273764259,0.7896264476243,0.000806028936305365,0.831156365645093,0.00460218080751217,263,0.0402730458270829,0.7896264476243,0.7896264476243,0.7896264476243,13,"chaco975"
"154",0.832090591121861,0.0212765957446809,0.733928162891787,0.00289208518595884,0.776955938360812,0.0134688493309384,94,0.0644873652060621,0.733928162891787,0.733928162891787,0.733928162891787,2,"chaco975"
"155",0.832090591121861,0.0212765957446809,0.733928162891787,0.00289208518595884,0.776955938360812,0.0134688493309384,94,0.0644873652060621,0.733928162891787,0.733928162891787,0.733928162891787,3,"chaco975"
"156",0.832090591121861,0.0212765957446809,0.733928162891787,0.00289208518595884,0.776955938360811,0.0134688493309384,94,0.0644873652060621,0.733928162891787,0.733928162891787,0.733928162891787,4,"chaco975"
"157",0.840074614847818,0.0217391304347826,0.749402771141902,0.00278441365397887,0.789636198385883,0.0135934481397619,92,0.0565274929225552,0.749402771141902,0.749402771141902,0.749402771141902,5,"chaco975"
"158",0.856923038617633,0.0229885057471264,0.775728414862336,0.00263848923691369,0.812391400117651,0.0140720871854904,87,0.0557031653352496,0.775728414862336,0.775728414862336,0.775728414862336,6,"chaco975"
"159",0.892331193164188,0.0253164556962025,0.827328789354106,0.00224248325514148,0.853858979665314,0.0148439393752645,79,0.0540400692523057,0.827328789354106,0.827328789354106,0.827328789354106,7,"chaco975"
"160",0.900601503759399,0.025974025974026,0.840738209159262,0.00212349054454318,0.865326524140712,0.0150553479329966,77,0.0477440676845793,0.840738209159262,0.840738209159262,0.840738209159262,8,"chaco975"
"161",0.921568045228876,0.0197368421052632,0.875479261066574,0.00443568067645439,0.530738632638539,0.00739816275614096,152,0.0242729629584389,0.875479261066574,0.875479261066574,0.875479261066574,1,"chaco1000"
"162",0.929847295915752,0.0119047619047619,0.882164242942686,0.00070985395817659,0.902381667730939,0.0066537842681983,168,0.0260648635853485,0.882164242942686,0.882164242942686,0.882164242942686,2,"chaco1000"
"163",0.92473102188217,0.00888888888888889,0.87547619047619,0.000558402733290626,0.896590117461571,0.0049978835978836,225,0.0268043269837919,0.875476190476191,0.875476190476191,0.875476190476191,3,"chaco1000"
"164",0.923721674953199,0.00884955752212389,0.873392330383481,0.000565212810788032,0.895092956443789,0.00498498968856867,226,0.0266657632917207,0.873392330383481,0.873392330383481,0.873392330383481,4,"chaco1000"
"165",0.911583416597772,0.00826446280991736,0.85096533040705,0.000620977789970623,0.876341709797264,0.0047480771470783,242,0.0345317420237584,0.85096533040705,0.85096533040705,0.85096533040705,5,"chaco1000"
"166",0.911436399715273,0.00823045267489712,0.850627486991123,0.000619802958543057,0.876096839810157,0.00472992803707357,243,0.0344099909461932,0.850627486991123,0.850627486991123,0.850627486991123,6,"chaco1000"
"167",0.902526906677978,0.008,0.837686746987952,0.000654488923435678,0.864880803380852,0.00464925301204819,250,0.0338165998201513,0.837686746987952,0.837686746987952,0.837686746987952,7,"chaco1000"
"168",0.893306683072134,0.0078125,0.821170343137255,0.000704053767176162,0.851681413324183,0.0046048033471201,256,0.035406552555817,0.821170343137255,0.821170343137255,0.821170343137255,8,"chaco1000"
"169",0.893793728630951,0.0078125,0.822303921568627,0.000699590859966034,0.852485739311511,0.00460037530637255,256,0.0353961100832665,0.822303921568627,0.822303921568627,0.822303921568627,9,"chaco1000"
"170",0.886126199076841,0.00760456273764259,0.787797869561431,0.000813034982523251,0.830724299078006,0.00460913357581205,263,0.0350497690363328,0.787797869561431,0.787797869561431,0.787797869561431,10,"chaco1000"
"171",0.886041815398226,0.00760456273764259,0.787913969755899,0.000812590154191956,0.830754552575841,0.00460869213020571,263,0.0370223893187385,0.787913969755899,0.787913969755899,0.787913969755899,11,"chaco1000"
"172",0.885362328716271,0.00760456273764259,0.7896264476243,0.000806028936305365,0.831156365645093,0.00460218080751217,263,0.0402730458270829,0.7896264476243,0.7896264476243,0.7896264476243,12,"chaco1000"
"173",0.872092976892672,0.0114942528735632,0.735565743139991,0.00153740847011633,0.792875148530932,0.00726686354517247,174,0.0822543884371004,0.735565743139991,0.735565743139991,0.735565743139991,2,"chaco1000"
"174",0.872092976892672,0.0114942528735632,0.735565743139991,0.00153740847011633,0.792875148530932,0.00726686354517247,174,0.0822543884371004,0.735565743139991,0.735565743139991,0.735565743139991,3,"chaco1000"
"175",0.872092976892672,0.0114942528735632,0.735565743139991,0.00153740847011633,0.792875148530931,0.00726686354517247,174,0.0822543884371004,0.735565743139991,0.735565743139991,0.735565743139991,4,"chaco1000"
"176",0.87509494060195,0.0116279069767442,0.747994016047872,0.00148238814089487,0.801719248216022,0.00727910455786121,172,0.0784590041322313,0.747994016047872,0.747994016047872,0.747994016047872,5,"chaco1000"
"177",0.885178874939163,0.0119760479041916,0.776639492100137,0.00135370004787796,0.82337049573996,0.00732551202335247,167,0.0458961657968047,0.776639492100137,0.776639492100137,0.776639492100137,6,"chaco1000"
"178",0.903071934465398,0.0125786163522013,0.828914895310883,0.00108971404260584,0.860409148223425,0.00736531512383093,159,0.0408160912177783,0.828914895310883,0.828914895310883,0.828914895310883,7,"chaco1000"
"179",0.908259055906726,0.0127388535031847,0.84296913277805,0.00101310236917387,0.870101871803307,0.00736962335810159,157,0.0409232061133701,0.84296913277805,0.84296913277805,0.84296913277805,8,"chaco1000"
"180",0.908259055906726,0.0127388535031847,0.84296913277805,0.00101310236917387,0.870101871803307,0.00736962335810159,157,0.0409232061133701,0.84296913277805,0.84296913277805,0.84296913277805,9,"chaco1000"
"181",0.929847295915752,0.0178571428571429,0.882164242942686,0.00415896707709593,0.524287743771554,0.0066537842681983,168,0.0154907654320988,0.882164242942686,0.882164242942686,0.882164242942686,1,"chaco1025"
"182",0.92473102188217,0.00888888888888889,0.87547619047619,0.000558402733290626,0.896590117461571,0.0049978835978836,225,0.0268043269837919,0.875476190476191,0.875476190476191,0.875476190476191,2,"chaco1025"
"183",0.923721674953199,0.00884955752212389,0.873392330383481,0.000565212810788032,0.895092956443789,0.00498498968856867,226,0.0266657632917207,0.873392330383481,0.873392330383481,0.873392330383481,3,"chaco1025"
"184",0.911583416597772,0.00826446280991736,0.85096533040705,0.000620977789970623,0.876341709797264,0.0047480771470783,242,0.0345317420237584,0.85096533040705,0.85096533040705,0.85096533040705,4,"chaco1025"
"185",0.911436399715273,0.00823045267489712,0.850627486991123,0.000619802958543057,0.876096839810158,0.00472992803707357,243,0.0344099909461932,0.850627486991123,0.850627486991123,0.850627486991123,5,"chaco1025"
"186",0.902526906677978,0.008,0.837686746987952,0.000654488923435678,0.864880803380852,0.00464925301204819,250,0.0338165998201513,0.837686746987952,0.837686746987952,0.837686746987952,6,"chaco1025"
"187",0.893306683072134,0.0078125,0.821170343137255,0.000704053767176162,0.851681413324183,0.0046048033471201,256,0.035406552555817,0.821170343137255,0.821170343137255,0.821170343137255,7,"chaco1025"
"188",0.893793728630951,0.0078125,0.822303921568627,0.000699590859966034,0.852485739311511,0.00460037530637255,256,0.0353961100832665,0.822303921568627,0.822303921568627,0.822303921568627,8,"chaco1025"
"189",0.886126199076841,0.00760456273764259,0.787797869561431,0.000813034982523251,0.830724299078006,0.00460913357581205,263,0.0350497690363328,0.787797869561431,0.787797869561431,0.787797869561431,9,"chaco1025"
"190",0.886041815398226,0.00760456273764259,0.787913969755899,0.000812590154191956,0.830754552575842,0.00460869213020571,263,0.0370223893187385,0.787913969755899,0.787913969755899,0.787913969755899,10,"chaco1025"
"191",0.885362328716271,0.00760456273764259,0.7896264476243,0.000806028936305365,0.831156365645093,0.00460218080751217,263,0.0402730458270829,0.7896264476243,0.7896264476243,0.7896264476243,11,"chaco1025"
"192",0.887026687200859,0.0105263157894737,0.746254525201894,0.00134970997233035,0.80665562347126,0.00659866039367424,190,0.0749543005140313,0.746254525201894,0.746254525201894,0.746254525201894,2,"chaco1025"
"193",0.887026687200859,0.0105263157894737,0.746254525201894,0.00134970997233035,0.806655623471261,0.00659866039367424,190,0.0749543005140313,0.746254525201894,0.746254525201894,0.746254525201894,3,"chaco1025"
"194",0.887026687200859,0.0105263157894737,0.746254525201894,0.00134970997233035,0.80665562347126,0.00659866039367424,190,0.0749543005140313,0.746254525201894,0.746254525201894,0.746254525201894,4,"chaco1025"
"195",0.889567825300568,0.0106382978723404,0.758220502901354,0.00129988976934756,0.8149793545321,0.00660521009095024,188,0.071402565940842,0.758220502901354,0.758220502901354,0.758220502901354,5,"chaco1025"
"196",0.89831489496047,0.0109289617486339,0.786224704257491,0.00118107898200281,0.835597329755355,0.00663265188930333,183,0.0631200928392412,0.786224704257491,0.786224704257491,0.786224704257491,6,"chaco1025"
"197",0.913663681670902,0.0114285714285714,0.836781609195402,0.000943458906384958,0.87068290305596,0.00664696223316913,175,0.0326215131022824,0.836781609195402,0.836781609195402,0.836781609195402,7,"chaco1025"
"198",0.918191176594295,0.0115606936416185,0.850315902675091,0.000875345598391282,0.879823175895968,0.00664557281690699,173,0.0327379537067179,0.850315902675091,0.850315902675091,0.850315902675091,8,"chaco1025"
"199",0.918191176594295,0.0115606936416185,0.850315902675091,0.000875345598391282,0.879823175895969,0.00664557281690699,173,0.0327379537067179,0.850315902675091,0.850315902675091,0.850315902675091,9,"chaco1025"
"200",0.929847295915752,0.0119047619047619,0.882164242942686,0.00070985395817659,0.902381667730939,0.0066537842681983,168,0.0260648635853485,0.882164242942686,0.882164242942686,0.882164242942686,10,"chaco1025"
"201",0.92915643396825,0.0135746606334842,0.873549979432332,0.00315831835539212,0.541062484894662,0.00509705891659578,221,0.0238263884426879,0.873549979432332,0.873549979432332,0.873549979432332,1,"chaco1050"
"202",0.928124717253872,0.00900900900900901,0.871550283314989,0.000583862348568231,0.895738982776573,0.00508310683191446,222,0.0252443818086197,0.871550283314989,0.871550283314989,0.871550283314989,2,"chaco1050"
"203",0.916318512107244,0.00840336134453781,0.850866929050101,0.000631919792160589,0.877618123787848,0.00482829021407521,238,0.0344122197047352,0.850866929050101,0.850866929050101,0.850866929050101,3,"chaco1050"
"204",0.91621383809129,0.00836820083682008,0.850638163215077,0.00063021872061149,0.877474150097815,0.00480904534219633,239,0.0342439522113509,0.850638163215077,0.850638163215077,0.850638163215077,4,"chaco1050"
"205",0.907094314432166,0.00813008130081301,0.838062054089929,0.000663680106188817,0.866323573431067,0.00472332498337427,246,0.0361026302257461,0.838062054089929,0.838062054089929,0.838062054089929,5,"chaco1050"
"206",0.897383386025985,0.00793650793650794,0.821634098526529,0.000713463605893885,0.852945601963242,0.00467605516457727,252,0.0391354094880674,0.821634098526529,0.821634098526529,0.821634098526529,6,"chaco1050"
"207",0.897880832061696,0.00793650793650794,0.822804022007209,0.000708783911971163,0.853791824742591,0.0046714126110825,252,0.0377863337951965,0.822804022007209,0.822804022007209,0.822804022007209,7,"chaco1050"
"208",0.888244362779756,0.00766283524904215,0.780282935455349,0.000848328434535331,0.826857346621507,0.00467324545802548,261,0.0387270047374855,0.780282935455349,0.780282935455349,0.780282935455349,8,"chaco1050"
"209",0.888107420603456,0.00766283524904215,0.780459770114942,0.000847645675231882,0.826899899920131,0.00467256793059409,261,0.0386810927683065,0.780459770114942,0.780459770114942,0.780459770114942,9,"chaco1050"
"210",0.885159033712416,0.00760456273764259,0.77598467477433,0.000858296265232451,0.822676751375406,0.0046540506662573,263,0.0442131317533793,0.77598467477433,0.77598467477433,0.77598467477433,10,"chaco1050"
"211",0.897938699855222,0.00809716599190283,0.759784075573549,0.000980473160924288,0.820301057876881,0.0050211171029411,247,0.0598544778188844,0.759784075573549,0.759784075573549,0.759784075573549,2,"chaco1050"
"212",0.897938699855222,0.00809716599190283,0.759784075573549,0.000980473160924288,0.820301057876881,0.0050211171029411,247,0.0598544778188844,0.759784075573549,0.759784075573549,0.759784075573549,3,"chaco1050"
"213",0.897938699855222,0.00809716599190283,0.759784075573549,0.000980473160924288,0.820301057876881,0.0050211171029411,247,0.0598544778188844,0.759784075573549,0.759784075573549,0.759784075573549,4,"chaco1050"
"214",0.899439870591839,0.00816326530612245,0.769889595182335,0.000946956398426603,0.826900766222094,0.00502085879517414,245,0.0643792039863783,0.769889595182335,0.769889595182335,0.769889595182335,5,"chaco1050"
"215",0.904911991943934,0.00833333333333333,0.794177126917713,0.000864801987740703,0.843477358610389,0.0050242619711762,240,0.0559753517196108,0.794177126917713,0.794177126917713,0.794177126917713,6,"chaco1050"
"216",0.914374939058679,0.00862068965517241,0.836953276608449,0.000708898797354569,0.871372216554085,0.00501313242841186,232,0.021083302311457,0.836953276608449,0.836953276608449,0.836953276608449,7,"chaco1050"
"217",0.917212271216186,0.00869565217391304,0.848224795898994,0.000665680719741256,0.8785621533492,0.00500771827870003,230,0.020584735798849,0.848224795898994,0.848224795898994,0.848224795898994,8,"chaco1050"
"218",0.917212271216186,0.00869565217391304,0.848224795898994,0.000665680719741256,0.8785621533492,0.00500771827870003,230,0.020584735798849,0.848224795898994,0.848224795898994,0.848224795898994,9,"chaco1050"
"219",0.92473102188217,0.00888888888888889,0.87547619047619,0.000558402733290626,0.896590117461571,0.0049978835978836,225,0.0268043269837919,0.875476190476191,0.875476190476191,0.875476190476191,10,"chaco1050"
"220",0.92473102188217,0.00888888888888889,0.87547619047619,0.000558402733290626,0.89659011746157,0.0049978835978836,225,0.0268043269837919,0.875476190476191,0.875476190476191,0.875476190476191,11,"chaco1050"
"221",0.928124717253872,0.0135135135135135,0.871550283314989,0.00315532670262821,0.540925082213798,0.00508310683191446,222,0.0235493204615838,0.871550283314989,0.871550283314989,0.871550283314989,1,"chaco1075"
"222",0.916318512107244,0.00840336134453781,0.850866929050101,0.000631919792160589,0.877618123787848,0.00482829021407521,238,0.0344122197047352,0.850866929050101,0.850866929050101,0.850866929050101,2,"chaco1075"
"223",0.91621383809129,0.00836820083682008,0.850638163215077,0.00063021872061149,0.877474150097814,0.00480904534219633,239,0.0342439522113509,0.850638163215077,0.850638163215077,0.850638163215077,3,"chaco1075"
"224",0.907094314432166,0.00813008130081301,0.838062054089929,0.000663680106188817,0.866323573431067,0.00472332498337427,246,0.0361026302257461,0.838062054089929,0.838062054089929,0.838062054089929,4,"chaco1075"
"225",0.897383386025985,0.00793650793650794,0.821634098526529,0.000713463605893885,0.852945601963242,0.00467605516457727,252,0.0391354094880674,0.821634098526529,0.821634098526529,0.821634098526529,5,"chaco1075"
"226",0.897880832061696,0.00793650793650794,0.822804022007209,0.000708783911971163,0.853791824742591,0.0046714126110825,252,0.0377863337951965,0.822804022007209,0.822804022007209,0.822804022007209,6,"chaco1075"
"227",0.888244362779756,0.00766283524904215,0.780282935455349,0.000848328434535331,0.826857346621507,0.00467324545802548,261,0.0387270047374855,0.780282935455349,0.780282935455349,0.780282935455349,7,"chaco1075"
"228",0.888107420603456,0.00766283524904215,0.780459770114942,0.000847645675231882,0.826899899920132,0.00467256793059409,261,0.0386810927683065,0.780459770114942,0.780459770114942,0.780459770114942,8,"chaco1075"
"229",0.885159033712416,0.00760456273764259,0.77598467477433,0.000858296265232451,0.822676751375406,0.0046540506662573,263,0.0442131317533793,0.77598467477433,0.77598467477433,0.77598467477433,9,"chaco1075"
"230",0.897100658273563,0.00806451612903226,0.758358364894867,0.000982283069533059,0.819224057662364,0.00500661949639166,248,0.0595468430539784,0.758358364894867,0.758358364894867,0.758358364894867,2,"chaco1075"
"231",0.897100658273563,0.00806451612903226,0.758358364894867,0.000982283069533059,0.819224057662364,0.00500661949639166,248,0.0595468430539784,0.758358364894867,0.758358364894867,0.758358364894867,3,"chaco1075"
"232",0.897100658273563,0.00806451612903226,0.758358364894867,0.000982283069533059,0.819224057662365,0.00500661949639166,248,0.0595468430539784,0.758358364894867,0.758358364894867,0.758358364894867,4,"chaco1075"
"233",0.8985915698865,0.00813008130081301,0.768408826945412,0.000949144151863064,0.825788799182932,0.00500646818314873,246,0.0640028021168566,0.768408826945412,0.768408826945412,0.768408826945412,5,"chaco1075"
"234",0.90402776230868,0.00829875518672199,0.792565698478562,0.000867925947788445,0.84227751502022,0.00501010083618854,241,0.0556248336310559,0.792565698478562,0.792565698478562,0.792565698478562,6,"chaco1075"
"235",0.913430429991504,0.00858369098712446,0.835096936510286,0.000713866075713049,0.870018176681876,0.00499958396347517,233,0.0209325599013938,0.835096936510286,0.835096936510286,0.835096936510286,7,"chaco1075"
"236",0.916249877588749,0.00865800865800866,0.846301524562394,0.000671172381823606,0.877167321294503,0.00499436569453509,231,0.0203062102737969,0.846301524562394,0.846301524562394,0.846301524562394,8,"chaco1075"
"237",0.916249877588749,0.00865800865800866,0.846301524562394,0.000671172381823606,0.877167321294503,0.00499436569453509,231,0.0203062102737969,0.846301524562394,0.846301524562394,0.846301524562394,9,"chaco1075"
"238",0.923721674953199,0.00884955752212389,0.873392330383481,0.000565212810788032,0.895092956443789,0.00498498968856867,226,0.0266657632917207,0.873392330383481,0.873392330383481,0.873392330383481,10,"chaco1075"
"239",0.923721674953199,0.00884955752212389,0.873392330383481,0.000565212810788032,0.895092956443789,0.00498498968856867,226,0.0266657632917207,0.873392330383481,0.873392330383481,0.873392330383481,11,"chaco1075"
"240",0.928124717253872,0.00900900900900901,0.871550283314989,0.000583862348568231,0.895738982776573,0.00508310683191446,222,0.0252443818086197,0.871550283314989,0.871550283314989,0.871550283314989,12,"chaco1075"
"241",0.916373396063805,0.0129310344827586,0.851321092700403,0.0030503115659773,0.533093880926997,0.00495120218663619,232,0.0320118046529586,0.851321092700403,0.851321092700403,0.851321092700403,1,"chaco1100"
"242",0.916468836906851,0.00858369098712446,0.85126535444724,0.000643872924470823,0.877646239989234,0.00493019161181442,233,0.0353904528324549,0.85126535444724,0.85126535444724,0.85126535444724,2,"chaco1100"
"243",0.907600484442951,0.00833333333333333,0.839260808926081,0.000675374752411425,0.866917020787467,0.00483641329614133,240,0.0372397214605165,0.839260808926081,0.839260808926081,0.839260808926081,3,"chaco1100"
"244",0.897796380986097,0.00813008130081301,0.822996515679442,0.000725424116067859,0.853596538617773,0.00478456700943316,246,0.0389328058238461,0.822996515679443,0.822996515679443,0.822996515679443,4,"chaco1100"
"245",0.89848295928856,0.00813008130081301,0.824390243902439,0.000719712115153938,0.854668773270103,0.00477890144755106,246,0.038909887240038,0.824390243902439,0.824390243902439,0.824390243902439,5,"chaco1100"
"246",0.886347350296768,0.00778210116731518,0.771339980544747,0.00089670595864805,0.820757535897932,0.0047807782858181,257,0.0404690676537097,0.771339980544747,0.771339980544747,0.771339980544747,6,"chaco1100"
"247",0.886158537516091,0.00778210116731518,0.771583171206226,0.000895752269779507,0.820817770542523,0.00477983201865282,257,0.0403885388027695,0.771583171206226,0.771583171206226,0.771583171206226,7,"chaco1100"
"248",0.882794037701392,0.00772200772200772,0.767681302565024,0.000903963803248936,0.816622020261959,0.00475798724878369,259,0.0466527664584606,0.767681302565024,0.767681302565024,0.767681302565024,8,"chaco1100"
"249",0.887542853823888,0.00757575757575758,0.744210162461113,0.000976297089843079,0.806323706018834,0.0047567796876473,264,0.0700610304829627,0.744210162461113,0.744210162461113,0.744210162461113,2,"chaco1100"
"250",0.887542853823888,0.00757575757575758,0.744210162461113,0.000976297089843079,0.806323706018835,0.0047567796876473,264,0.0700610304829627,0.744210162461113,0.744210162461113,0.744210162461113,3,"chaco1100"
"251",0.887542853823888,0.00757575757575758,0.744210162461113,0.000976297089843079,0.806323706018835,0.0047567796876473,264,0.0700610304829627,0.744210162461113,0.744210162461113,0.744210162461113,4,"chaco1100"
"252",0.888871491140166,0.00763358778625954,0.753560878593782,0.000947842774639299,0.812398826292142,0.00475740122674129,262,0.0691384356712916,0.753560878593782,0.753560878593782,0.753560878593782,5,"chaco1100"
"253",0.893779243480068,0.00778210116731518,0.77608219844358,0.000878109025711451,0.827659074719919,0.00476232607609502,257,0.0303419185803082,0.77608219844358,0.77608219844358,0.77608219844358,6,"chaco1100"
"254",0.902261263910251,0.00803212851405622,0.815520145096515,0.000746882003657833,0.853251190441585,0.00475694720844773,249,0.0376836388802844,0.815520145096515,0.815520145096515,0.815520145096515,7,"chaco1100"
"255",0.904800447831356,0.00809716599190283,0.825878015865179,0.000710701976060494,0.859834601106559,0.00475353030014098,247,0.0377662127837216,0.825878015865179,0.825878015865179,0.825878015865179,8,"chaco1100"
"256",0.904800447831356,0.00809716599190283,0.825878015865179,0.000710701976060494,0.859834601106559,0.00475353030014098,247,0.0377662127837216,0.825878015865179,0.825878015865179,0.825878015865179,9,"chaco1100"
"257",0.911583416597772,0.00826446280991736,0.85096533040705,0.000620977789970623,0.876341709797264,0.0047480771470783,242,0.0345317420237584,0.85096533040705,0.85096533040705,0.85096533040705,10,"chaco1100"
"258",0.911583416597772,0.00826446280991736,0.85096533040705,0.000620977789970623,0.876341709797264,0.0047480771470783,242,0.0345317420237584,0.85096533040705,0.85096533040705,0.85096533040705,11,"chaco1100"
"259",0.916318512107244,0.00840336134453781,0.850866929050101,0.000631919792160589,0.877618123787848,0.00482829021407521,238,0.0344122197047352,0.850866929050101,0.850866929050101,0.850866929050101,12,"chaco1100"
"260",0.916318512107244,0.00840336134453781,0.850866929050101,0.000631919792160589,0.877618123787848,0.00482829021407521,238,0.0344122197047352,0.850866929050101,0.850866929050101,0.850866929050101,13,"chaco1100"
"261",0.916510893668691,0.0131578947368421,0.848133549733364,0.00308032928916322,0.52919106683595,0.00505204583450279,228,0.0340634526281763,0.848133549733364,0.848133549733364,0.848133549733364,1,"chaco1125"
"262",0.907922252002053,0.00851063829787234,0.836879432624113,0.000700088271999513,0.865577640930606,0.00494944922287611,235,0.0378222797147508,0.836879432624113,0.836879432624113,0.836879432624113,2,"chaco1125"
"263",0.89790809519377,0.00829875518672199,0.820954356846473,0.000749144950433167,0.85234443781775,0.00489230557325115,241,0.0395921950142136,0.820954356846473,0.820954356846473,0.820954356846473,3,"chaco1125"
"264",0.898628961227214,0.00829875518672199,0.822406639004149,0.000743068456049584,0.853464638809642,0.00488627950620685,241,0.0395656398957363,0.822406639004149,0.822406639004149,0.822406639004149,4,"chaco1125"
"265",0.88126027784465,0.00778210116731518,0.7455921692607,0.000997677767605096,0.803240063923007,0.0048809643219428,257,0.0456275775965609,0.7455921692607,0.7455921692607,0.7455921692607,5,"chaco1125"
"266",0.880939377607282,0.00778210116731518,0.745987354085603,0.000996128023193713,0.803338299317889,0.00487942663779921,257,0.0455428631730109,0.745987354085603,0.745987354085603,0.745987354085603,6,"chaco1125"
"267",0.876336570861074,0.00772200772200772,0.744964233336326,0.000992357068730247,0.799791971613137,0.00484569794078638,259,0.0551763040625034,0.744964233336326,0.744964233336326,0.744964233336326,7,"chaco1125"
"268",0.887577855004555,0.00754716981132075,0.744196683819325,0.000972636183196481,0.806334107757214,0.00473888043841764,265,0.0699723415266597,0.744196683819325,0.744196683819325,0.744196683819325,2,"chaco1125"
"269",0.887577855004555,0.00754716981132075,0.744196683819325,0.000972636183196481,0.806334107757214,0.00473888043841764,265,0.0699723415266597,0.744196683819325,0.744196683819325,0.744196683819325,3,"chaco1125"
"270",0.887577855004555,0.00754716981132075,0.744196683819325,0.000972636183196481,0.806334107757214,0.00473888043841764,265,0.0699723415266597,0.744196683819325,0.744196683819325,0.744196683819325,4,"chaco1125"
"271",0.888895425278233,0.00760456273764259,0.753519287144806,0.000944370547337908,0.812387102873269,0.00473947039108439,263,0.0671061096478893,0.753519287144806,0.753519287144806,0.753519287144806,5,"chaco1125"
"272",0.893765798709446,0.00775193798449612,0.775978041202908,0.000875085776551142,0.827593511057734,0.00474427115812826,258,0.0305573755341493,0.775978041202908,0.775978041202908,0.775978041202908,6,"chaco1125"
"273",0.90218263953181,0.008,0.815293172690763,0.000744785593988858,0.8530909268613,0.00473882730923695,250,0.0375533812568678,0.815293172690763,0.815293172690763,0.815293172690763,7,"chaco1125"
"274",0.904703675249601,0.00806451612903226,0.825617082408254,0.000708873648746936,0.859649290539644,0.0047354149902893,248,0.0376358926552873,0.825617082408254,0.825617082408254,0.825617082408254,8,"chaco1125"
"275",0.904703675249601,0.00806451612903226,0.825617082408254,0.000708873648746935,0.859649290539644,0.0047354149902893,248,0.0376358926552873,0.825617082408254,0.825617082408254,0.825617082408254,9,"chaco1125"
"276",0.911436399715273,0.00823045267489712,0.850627486991123,0.000619802958543057,0.876096839810157,0.00472992803707357,243,0.0344099909461932,0.850627486991123,0.850627486991123,0.850627486991123,10,"chaco1125"
"277",0.911436399715273,0.00823045267489712,0.850627486991123,0.000619802958543057,0.876096839810158,0.00472992803707357,243,0.0344099909461932,0.850627486991123,0.850627486991123,0.850627486991123,11,"chaco1125"
"278",0.91621383809129,0.00836820083682008,0.850638163215077,0.00063021872061149,0.877474150097814,0.00480904534219633,239,0.0342439522113509,0.850638163215077,0.850638163215077,0.850638163215077,12,"chaco1125"
"279",0.91621383809129,0.00836820083682008,0.850638163215077,0.00063021872061149,0.877474150097815,0.00480904534219633,239,0.0342439522113509,0.850638163215077,0.850638163215077,0.850638163215077,13,"chaco1125"
"280",0.916468836906851,0.00858369098712446,0.85126535444724,0.000643872924470823,0.877646239989234,0.00493019161181442,233,0.0353904528324549,0.85126535444724,0.85126535444724,0.85126535444724,14,"chaco1125"
"281",0.901032377067497,0.0151515151515152,0.827770086653335,0.00343391903671022,0.534178955998166,0.00592035309771043,198,0.0424896336066334,0.827770086653335,0.827770086653335,0.827770086653335,1,"chaco1150"
"282",0.8918566843028,0.00980392156862745,0.815753887762001,0.000912109466524746,0.845245941390738,0.00580512800116666,204,0.0421234166568056,0.815753887762001,0.815753887762001,0.815753887762001,2,"chaco1150"
"283",0.893621687909544,0.00980392156862745,0.818265237129334,0.000899677043914185,0.847497773934874,0.00579281746505228,204,0.0407197894580406,0.818265237129335,0.818265237129335,0.818265237129335,3,"chaco1150"
"284",0.862116643362903,0.00851063829787234,0.658556101109293,0.0014654244587584,0.738968115084269,0.00570827191017322,235,0.0915052122812263,0.658556101109293,0.658556101109293,0.658556101109293,4,"chaco1150"
"285",0.861073684782735,0.00851063829787234,0.659574468085106,0.00146105378504246,0.739204594780841,0.0057039384336804,235,0.0916992817022166,0.659574468085106,0.659574468085106,0.659574468085106,5,"chaco1150"
"286",0.850737241281011,0.00843881856540084,0.666201816491454,0.00142041780216403,0.737099915142767,0.00562784043674492,237,0.10296768042258,0.666201816491454,0.666201816491454,0.666201816491454,6,"chaco1150"
"287",0.879880154531064,0.00735294117647059,0.735131321901454,0.000980995104068687,0.797703425267535,0.00465025249300936,272,0.0705511079376118,0.735131321901454,0.735131321901454,0.735131321901454,2,"chaco1150"
"288",0.879880154531064,0.00735294117647059,0.735131321901454,0.000980995104068687,0.797703425267535,0.00465025249300936,272,0.0705511079376118,0.735131321901454,0.735131321901454,0.735131321901454,3,"chaco1150"
"289",0.879880154531064,0.00735294117647059,0.735131321901454,0.000980995104068687,0.797703425267535,0.00465025249300936,272,0.0705511079376118,0.735131321901454,0.735131321901454,0.735131321901454,4,"chaco1150"
"290",0.881126207049105,0.00740740740740741,0.74412777089357,0.000954747123531454,0.803539169954933,0.00465137862632011,270,0.0683969975953017,0.74412777089357,0.74412777089357,0.74412777089357,5,"chaco1150"
"291",0.885746154757483,0.00754716981132075,0.765809033733562,0.000890459947781133,0.818199513239407,0.00465732440100543,265,0.0385270341953965,0.765809033733562,0.765809033733562,0.765809033733562,6,"chaco1150"
"292",0.893727939581567,0.00778210116731518,0.803684338521401,0.000769865339131761,0.842750693286515,0.00465492475283502,257,0.0389824599713632,0.803684338521401,0.803684338521401,0.803684338521401,7,"chaco1150"
"293",0.896117970544125,0.00784313725490196,0.813617415470125,0.000736690057430336,0.849060999842589,0.00465248072364657,255,0.039063891243629,0.813617415470125,0.813617415470125,0.813617415470125,8,"chaco1150"
"294",0.896117970544125,0.00784313725490196,0.813617415470125,0.000736690057430336,0.849060999842589,0.00465248072364657,255,0.039063891243629,0.813617415470125,0.813617415470125,0.813617415470125,9,"chaco1150"
"295",0.902526906677978,0.008,0.837686746987952,0.000654488923435678,0.864880803380852,0.00464925301204819,250,0.0338165998201513,0.837686746987952,0.837686746987952,0.837686746987952,10,"chaco1150"
"296",0.902526906677978,0.008,0.837686746987952,0.000654488923435678,0.864880803380852,0.00464925301204819,250,0.0338165998201513,0.837686746987952,0.837686746987952,0.837686746987952,11,"chaco1150"
"297",0.907094314432166,0.00813008130081301,0.838062054089929,0.000663680106188817,0.866323573431067,0.00472332498337427,246,0.0361026302257461,0.838062054089929,0.838062054089929,0.838062054089929,12,"chaco1150"
"298",0.907094314432166,0.00813008130081301,0.838062054089929,0.000663680106188817,0.866323573431067,0.00472332498337427,246,0.0361026302257461,0.838062054089929,0.838062054089929,0.838062054089929,13,"chaco1150"
"299",0.907600484442951,0.00833333333333333,0.839260808926081,0.000675374752411425,0.866917020787467,0.00483641329614133,240,0.0372397214605165,0.839260808926081,0.839260808926081,0.839260808926081,14,"chaco1150"
"300",0.907922252002053,0.00851063829787234,0.836879432624113,0.000700088271999513,0.865577640930606,0.00494944922287611,235,0.0378222797147508,0.836879432624113,0.836879432624113,0.836879432624113,15,"chaco1150"
"301",0.878327107452526,0.0191082802547771,0.790217213784093,0.0041887001255506,0.512341170340622,0.00770562284213954,157,0.0602597248574444,0.790217213784093,0.790217213784093,0.790217213784093,1,"chaco1175"
"302",0.882310831298613,0.0127388535031847,0.794953454189123,0.00132288094071534,0.824953782611965,0.00767545570580176,157,0.0581441006392039,0.794953454189123,0.794953454189123,0.794953454189123,2,"chaco1175"
"303",0.846596011042238,0.00980392156862745,0.539022505553946,0.00228206680418839,0.636949455245492,0.00716165438453948,204,0.201718647130668,0.539022505553946,0.539022505553946,0.539022505553946,3,"chaco1175"
"304",0.846053935662089,0.00975609756097561,0.536394069823051,0.00228377305505886,0.633910202352735,0.00713954112281438,205,0.205968619410369,0.536394069823051,0.536394069823051,0.536394069823051,4,"chaco1175"
"305",0.820748236247482,0.00952380952380952,0.546320346320346,0.00218115218115218,0.625230490205901,0.00692228406514121,210,0.203978062688919,0.546320346320346,0.546320346320346,0.546320346320346,5,"chaco1175"
"306",0.871594089244349,0.00719424460431655,0.722644988702179,0.00100490946122399,0.786934761892251,0.00459480219891303,278,0.0706982093154094,0.722644988702179,0.722644988702179,0.722644988702179,2,"chaco1175"
"307",0.871594089244349,0.00719424460431655,0.722644988702179,0.00100490946122399,0.786934761892251,0.00459480219891303,278,0.0706982093154094,0.722644988702179,0.722644988702179,0.722644988702179,3,"chaco1175"
"308",0.871594089244349,0.00719424460431655,0.722644988702179,0.00100490946122399,0.786934761892251,0.00459480219891303,278,0.0706982093154094,0.722644988702179,0.722644988702179,0.722644988702179,4,"chaco1175"
"309",0.872787709984157,0.0072463768115942,0.731304347826087,0.000980641066328149,0.792567505552131,0.00459672337744171,276,0.0685961420339077,0.731304347826087,0.731304347826087,0.731304347826087,5,"chaco1175"
"310",0.877216144439837,0.00738007380073801,0.75216618832855,0.000921315285023978,0.806713223831648,0.00460455281059576,271,0.0401647093215285,0.75216618832855,0.75216618832855,0.75216618832855,6,"chaco1175"
"311",0.884865323380355,0.00760456273764259,0.788552520825472,0.000810143598369837,0.830377355972101,0.00460626417937083,263,0.0379317158966205,0.788552520825472,0.788552520825472,0.788552520825472,7,"chaco1175"
"312",0.887151579121476,0.00766283524904215,0.798084291187739,0.000779597331321469,0.836455674932987,0.00460504102993203,261,0.0379943034008838,0.798084291187739,0.798084291187739,0.798084291187739,8,"chaco1175"
"313",0.887151579121476,0.00766283524904215,0.798084291187739,0.000779597331321469,0.836455674932987,0.00460504102993203,261,0.0379943034008838,0.798084291187739,0.798084291187739,0.798084291187739,9,"chaco1175"
"314",0.893306683072134,0.0078125,0.821170343137255,0.000704053767176162,0.851681413324183,0.0046048033471201,256,0.035406552555817,0.821170343137255,0.821170343137255,0.821170343137255,10,"chaco1175"
"315",0.893306683072134,0.0078125,0.821170343137255,0.000704053767176162,0.851681413324183,0.0046048033471201,256,0.035406552555817,0.821170343137255,0.821170343137255,0.821170343137255,11,"chaco1175"
"316",0.897383386025985,0.00793650793650794,0.821634098526529,0.000713463605893885,0.852945601963242,0.00467605516457727,252,0.0391354094880674,0.821634098526529,0.821634098526529,0.821634098526529,12,"chaco1175"
"317",0.897383386025985,0.00793650793650794,0.821634098526529,0.000713463605893885,0.852945601963242,0.00467605516457727,252,0.0391354094880674,0.821634098526529,0.821634098526529,0.821634098526529,13,"chaco1175"
"318",0.897796380986097,0.00813008130081301,0.822996515679442,0.000725424116067859,0.853596538617773,0.00478456700943316,246,0.0389328058238461,0.822996515679443,0.822996515679443,0.822996515679443,14,"chaco1175"
"319",0.89790809519377,0.00829875518672199,0.820954356846473,0.000749144950433167,0.85234443781775,0.00489230557325115,241,0.0395921950142136,0.820954356846473,0.820954356846473,0.820954356846473,15,"chaco1175"
"320",0.8918566843028,0.00980392156862745,0.815753887762001,0.000912109466524746,0.845245941390738,0.00580512800116666,204,0.0421234166568056,0.815753887762001,0.815753887762001,0.815753887762001,16,"chaco1175"
"321",0.863648378623674,0.016260162601626,0.75556444089031,0.00494362754725134,0.476727295257693,0.0101173622691845,123,0.0891247938821493,0.75556444089031,0.75556444089031,0.75556444089031,1,"chaco1200"
"322",0.827103777560632,0.0114942528735632,0.473523353929971,0.00306091073296528,0.559567842243029,0.00877285428775878,174,0.294967820001402,0.473523353929971,0.473523353929971,0.473523353929971,2,"chaco1200"
"323",0.826878182386353,0.0114285714285714,0.471724137931034,0.00305361769982061,0.556483671650952,0.00873300492610837,175,0.299523029005727,0.471724137931034,0.471724137931034,0.471724137931034,3,"chaco1200"
"324",0.791620536815819,0.0110497237569061,0.49158993247391,0.00284027970684966,0.552464147893662,0.00833375727914967,181,0.274582848782087,0.49158993247391,0.49158993247391,0.49158993247391,4,"chaco1200"
"325",0.872106636771479,0.00719424460431655,0.7236059527829,0.00100142770730833,0.787667672509789,0.00459134549358669,278,0.0707576291803398,0.7236059527829,0.7236059527829,0.7236059527829,2,"chaco1200"
"326",0.872106636771479,0.00719424460431655,0.7236059527829,0.00100142770730833,0.787667672509789,0.00459134549358669,278,0.0707576291803398,0.7236059527829,0.7236059527829,0.7236059527829,3,"chaco1200"
"327",0.872106636771479,0.00719424460431655,0.7236059527829,0.00100142770730833,0.78766767250979,0.00459134549358669,278,0.0707576291803398,0.7236059527829,0.7236059527829,0.7236059527829,4,"chaco1200"
"328",0.87329896688193,0.0072463768115942,0.732279314888011,0.000977082792379523,0.793305936384078,0.00459319088808692,276,0.0686685165472136,0.732279314888011,0.732279314888011,0.732279314888011,5,"chaco1200"
"329",0.877722469112667,0.00738007380073801,0.753177531775318,0.000917555643957926,0.807466714646723,0.00460082091595824,271,0.0401525758631036,0.753177531775318,0.753177531775318,0.753177531775318,6,"chaco1200"
"330",0.885362328716271,0.00760456273764259,0.7896264476243,0.000806028936305365,0.831156365645093,0.00460218080751217,263,0.0402730458270829,0.7896264476243,0.7896264476243,0.7896264476243,7,"chaco1200"
"331",0.887645584057993,0.00766283524904215,0.799174771588565,0.000775386982283534,0.837241484350765,0.00460086294410512,261,0.0403531581961081,0.799174771588565,0.799174771588565,0.799174771588565,8,"chaco1200"
"332",0.887645584057993,0.00766283524904215,0.799174771588565,0.000775386982283534,0.837241484350766,0.00460086294410512,261,0.0403531581961081,0.799174771588565,0.799174771588565,0.799174771588565,9,"chaco1200"
"333",0.893793728630951,0.0078125,0.822303921568627,0.000699590859966034,0.852485739311511,0.00460037530637255,256,0.0353961100832665,0.822303921568627,0.822303921568627,0.822303921568627,10,"chaco1200"
"334",0.893793728630951,0.0078125,0.822303921568627,0.000699590859966034,0.852485739311511,0.00460037530637255,256,0.0353961100832665,0.822303921568627,0.822303921568627,0.822303921568627,11,"chaco1200"
"335",0.897880832061696,0.00793650793650794,0.822804022007209,0.000708783911971163,0.853791824742591,0.0046714126110825,252,0.0377863337951965,0.822804022007209,0.822804022007209,0.822804022007209,12,"chaco1200"
"336",0.897880832061696,0.00793650793650794,0.822804022007209,0.000708783911971163,0.853791824742591,0.0046714126110825,252,0.0377863337951965,0.822804022007209,0.822804022007209,0.822804022007209,13,"chaco1200"
"337",0.89848295928856,0.00813008130081301,0.824390243902439,0.000719712115153938,0.854668773270103,0.00477890144755106,246,0.038909887240038,0.824390243902439,0.824390243902439,0.824390243902439,14,"chaco1200"
"338",0.898628961227214,0.00829875518672199,0.822406639004149,0.000743068456049584,0.853464638809642,0.00488627950620685,241,0.0395656398957363,0.822406639004149,0.822406639004149,0.822406639004149,15,"chaco1200"
"339",0.893621687909544,0.00980392156862745,0.818265237129334,0.000899677043914185,0.847497773934873,0.00579281746505228,204,0.0407197894580406,0.818265237129335,0.818265237129335,0.818265237129335,16,"chaco1200"
"340",0.882310831298613,0.0127388535031847,0.794953454189123,0.00132288094071534,0.824953782611965,0.00767545570580176,157,0.0581441006392039,0.794953454189123,0.794953454189123,0.794953454189123,17,"chaco1200"
"341",0.913523642452755,0.0333333333333333,0.83954802259887,0.00920036367990482,0.597870280040349,0.0188583674264563,60,0.0100163210149824,0.83954802259887,0.83954802259887,0.83954802259887,1,"chaco1225"
"342",0.914391310906622,0.0333333333333333,0.870621468926554,0.00223066432885252,0.890983407941726,0.0188229755178908,60,0.0313221017896719,0.870621468926554,0.870621468926554,0.870621468926554,2,"chaco1225"
"343",0.892331193164188,0.0253164556962025,0.827328789354106,0.00224248325514148,0.853858979665314,0.0148439393752645,79,0.0540400692523057,0.827328789354106,0.827328789354106,0.827328789354106,3,"chaco1225"
"344",0.872106636771479,0.00719424460431655,0.7236059527829,0.00100142770730833,0.787667672509789,0.00459134549358669,278,0.0707576291803398,0.7236059527829,0.7236059527829,0.7236059527829,2,"chaco1225"
"345",0.872106636771479,0.00719424460431655,0.7236059527829,0.00100142770730833,0.787667672509789,0.00459134549358669,278,0.0707576291803398,0.7236059527829,0.7236059527829,0.7236059527829,3,"chaco1225"
"346",0.872106636771479,0.00719424460431655,0.7236059527829,0.00100142770730833,0.78766767250979,0.00459134549358669,278,0.0707576291803398,0.7236059527829,0.7236059527829,0.7236059527829,4,"chaco1225"
"347",0.87329896688193,0.0072463768115942,0.732279314888011,0.000977082792379523,0.793305936384077,0.00459319088808692,276,0.0686685165472136,0.732279314888011,0.732279314888011,0.732279314888011,5,"chaco1225"
"348",0.877722469112667,0.00738007380073801,0.753177531775318,0.000917555643957926,0.807466714646723,0.00460082091595824,271,0.0401525758631036,0.753177531775318,0.753177531775318,0.753177531775318,6,"chaco1225"
"349",0.885362328716271,0.00760456273764259,0.7896264476243,0.000806028936305365,0.831156365645093,0.00460218080751217,263,0.0402730458270829,0.7896264476243,0.7896264476243,0.7896264476243,7,"chaco1225"
"350",0.885362328716271,0.00760456273764259,0.7896264476243,0.000806028936305365,0.831156365645093,0.00460218080751217,263,0.0402730458270829,0.7896264476243,0.7896264476243,0.7896264476243,8,"chaco1225"
"351",0.885362328716271,0.00760456273764259,0.7896264476243,0.000806028936305365,0.831156365645093,0.00460218080751217,263,0.0402730458270829,0.7896264476243,0.7896264476243,0.7896264476243,9,"chaco1225"
"352",0.886126199076841,0.00760456273764259,0.787797869561431,0.000813034982523251,0.830724299078006,0.00460913357581205,263,0.0350497690363328,0.787797869561431,0.787797869561431,0.787797869561431,10,"chaco1225"
"353",0.886126199076841,0.00760456273764259,0.787797869561431,0.000813034982523251,0.830724299078006,0.00460913357581205,263,0.0350497690363328,0.787797869561431,0.787797869561431,0.787797869561431,11,"chaco1225"
"354",0.888244362779756,0.00766283524904215,0.780282935455349,0.000848328434535331,0.826857346621507,0.00467324545802548,261,0.0387270047374855,0.780282935455349,0.780282935455349,0.780282935455349,12,"chaco1225"
"355",0.888244362779756,0.00766283524904215,0.780282935455349,0.000848328434535331,0.826857346621507,0.00467324545802548,261,0.0387270047374855,0.780282935455349,0.780282935455349,0.780282935455349,13,"chaco1225"
"356",0.886347350296768,0.00778210116731518,0.771339980544747,0.00089670595864805,0.820757535897932,0.0047807782858181,257,0.0404690676537097,0.771339980544747,0.771339980544747,0.771339980544747,14,"chaco1225"
"357",0.88126027784465,0.00778210116731518,0.7455921692607,0.000997677767605096,0.803240063923007,0.0048809643219428,257,0.0456275775965609,0.7455921692607,0.7455921692607,0.7455921692607,15,"chaco1225"
"358",0.862116643362903,0.00851063829787234,0.658556101109293,0.0014654244587584,0.738968115084269,0.00570827191017322,235,0.0915052122812263,0.658556101109293,0.658556101109293,0.658556101109293,16,"chaco1225"
"359",0.846596011042238,0.00980392156862745,0.539022505553946,0.00228206680418839,0.636949455245492,0.00716165438453948,204,0.201718647130668,0.539022505553946,0.539022505553946,0.539022505553946,17,"chaco1225"
"360",0.827103777560632,0.0114942528735632,0.473523353929971,0.00306091073296528,0.55956784224303,0.00877285428775878,174,0.294967820001402,0.473523353929971,0.473523353929971,0.473523353929971,18,"chaco1225"
"361",0.918283346596054,0.0344827586206897,0.878402903811252,0.0102235402166581,0.618891478545778,0.0193378809687715,58,0.00316937215885376,0.878402903811252,0.878402903811252,0.878402903811252,1,"chaco1250"
"362",0.900601503759399,0.025974025974026,0.840738209159262,0.00212349054454318,0.865326524140712,0.0150553479329966,77,0.0477440676845793,0.840738209159262,0.840738209159262,0.840738209159262,2,"chaco1250"
"363",0.872106636771479,0.00719424460431655,0.7236059527829,0.00100142770730833,0.78766767250979,0.00459134549358669,278,0.0707576291803398,0.7236059527829,0.7236059527829,0.7236059527829,2,"chaco1250"
"364",0.872106636771479,0.00719424460431655,0.7236059527829,0.00100142770730833,0.787667672509789,0.00459134549358669,278,0.0707576291803398,0.7236059527829,0.7236059527829,0.7236059527829,3,"chaco1250"
"365",0.872106636771479,0.00719424460431655,0.7236059527829,0.00100142770730833,0.787667672509789,0.00459134549358669,278,0.0707576291803398,0.7236059527829,0.7236059527829,0.7236059527829,4,"chaco1250"
"366",0.87329896688193,0.0072463768115942,0.732279314888011,0.000977082792379523,0.793305936384078,0.00459319088808692,276,0.0686685165472136,0.732279314888011,0.732279314888011,0.732279314888011,5,"chaco1250"
"367",0.877722469112667,0.00738007380073801,0.753177531775318,0.000917555643957926,0.807466714646723,0.00460082091595824,271,0.0401525758631036,0.753177531775318,0.753177531775318,0.753177531775318,6,"chaco1250"
"368",0.885362328716271,0.00760456273764259,0.7896264476243,0.000806028936305365,0.831156365645094,0.00460218080751217,263,0.0402730458270829,0.7896264476243,0.7896264476243,0.7896264476243,7,"chaco1250"
"369",0.885362328716271,0.00760456273764259,0.7896264476243,0.000806028936305365,0.831156365645093,0.00460218080751217,263,0.0402730458270829,0.7896264476243,0.7896264476243,0.7896264476243,8,"chaco1250"
"370",0.885362328716271,0.00760456273764259,0.7896264476243,0.000806028936305365,0.831156365645094,0.00460218080751217,263,0.0402730458270829,0.7896264476243,0.7896264476243,0.7896264476243,9,"chaco1250"
"371",0.886041815398226,0.00760456273764259,0.787913969755899,0.000812590154191956,0.830754552575842,0.00460869213020571,263,0.0370223893187385,0.787913969755899,0.787913969755899,0.787913969755899,10,"chaco1250"
"372",0.886041815398226,0.00760456273764259,0.787913969755899,0.000812590154191956,0.830754552575841,0.00460869213020571,263,0.0370223893187385,0.787913969755899,0.787913969755899,0.787913969755899,11,"chaco1250"
"373",0.888107420603456,0.00766283524904215,0.780459770114942,0.000847645675231882,0.826899899920132,0.00467256793059409,261,0.0386810927683065,0.780459770114942,0.780459770114942,0.780459770114942,12,"chaco1250"
"374",0.888107420603456,0.00766283524904215,0.780459770114942,0.000847645675231882,0.826899899920131,0.00467256793059409,261,0.0386810927683065,0.780459770114942,0.780459770114942,0.780459770114942,13,"chaco1250"
"375",0.886158537516091,0.00778210116731518,0.771583171206226,0.000895752269779507,0.820817770542523,0.00477983201865282,257,0.0403885388027695,0.771583171206226,0.771583171206226,0.771583171206226,14,"chaco1250"
"376",0.880939377607282,0.00778210116731518,0.745987354085603,0.000996128023193713,0.803338299317889,0.00487942663779921,257,0.0455428631730109,0.745987354085603,0.745987354085603,0.745987354085603,15,"chaco1250"
"377",0.861073684782735,0.00851063829787234,0.659574468085106,0.00146105378504246,0.739204594780841,0.0057039384336804,235,0.0916992817022166,0.659574468085106,0.659574468085106,0.659574468085106,16,"chaco1250"
"378",0.846053935662089,0.00975609756097561,0.536394069823051,0.00228377305505886,0.633910202352734,0.00713954112281438,205,0.205968619410369,0.536394069823051,0.536394069823051,0.536394069823051,17,"chaco1250"
"379",0.826878182386353,0.0114285714285714,0.471724137931034,0.00305361769982061,0.556483671650952,0.00873300492610837,175,0.299523029005727,0.471724137931034,0.471724137931034,0.471724137931034,18,"chaco1250"
"380",0.914391310906622,0.0333333333333333,0.870621468926554,0.00223066432885252,0.890983407941727,0.0188229755178908,60,0.0313221017896719,0.870621468926554,0.870621468926554,0.870621468926554,19,"chaco1250"
"381",0.900601503759399,0.038961038961039,0.840738209159262,0.00750152206608662,0.588958901357049,0.0150553479329966,77,0.0481588340273647,0.840738209159262,0.840738209159262,0.840738209159262,1,"chaco1275"
"382",0.872106636771479,0.00719424460431655,0.7236059527829,0.00100142770730833,0.787667672509789,0.00459134549358669,278,0.0707576291803398,0.7236059527829,0.7236059527829,0.7236059527829,20,"chaco1275"
"383",0.872106636771479,0.00719424460431655,0.7236059527829,0.00100142770730833,0.78766767250979,0.00459134549358669,278,0.0707576291803398,0.7236059527829,0.7236059527829,0.7236059527829,19,"chaco1275"
"384",0.872106636771479,0.00719424460431655,0.7236059527829,0.00100142770730833,0.787667672509789,0.00459134549358669,278,0.0707576291803398,0.7236059527829,0.7236059527829,0.7236059527829,18,"chaco1275"
"385",0.87329896688193,0.0072463768115942,0.732279314888011,0.000977082792379523,0.793305936384077,0.00459319088808692,276,0.0686685165472136,0.732279314888011,0.732279314888011,0.732279314888011,17,"chaco1275"
"386",0.877722469112667,0.00738007380073801,0.753177531775318,0.000917555643957926,0.807466714646723,0.00460082091595824,271,0.0401525758631036,0.753177531775318,0.753177531775318,0.753177531775318,16,"chaco1275"
"387",0.885362328716271,0.00760456273764259,0.7896264476243,0.000806028936305365,0.831156365645093,0.00460218080751217,263,0.0402730458270829,0.7896264476243,0.7896264476243,0.7896264476243,15,"chaco1275"
"388",0.885362328716271,0.00760456273764259,0.7896264476243,0.000806028936305365,0.831156365645093,0.00460218080751217,263,0.0402730458270829,0.7896264476243,0.7896264476243,0.7896264476243,14,"chaco1275"
"389",0.885362328716271,0.00760456273764259,0.7896264476243,0.000806028936305365,0.831156365645093,0.00460218080751217,263,0.0402730458270829,0.7896264476243,0.7896264476243,0.7896264476243,13,"chaco1275"
"390",0.885362328716271,0.00760456273764259,0.7896264476243,0.000806028936305365,0.831156365645093,0.00460218080751217,263,0.0402730458270829,0.7896264476243,0.7896264476243,0.7896264476243,12,"chaco1275"
"391",0.885362328716271,0.00760456273764259,0.7896264476243,0.000806028936305365,0.831156365645093,0.00460218080751217,263,0.0402730458270829,0.7896264476243,0.7896264476243,0.7896264476243,11,"chaco1275"
"392",0.885159033712416,0.00760456273764259,0.77598467477433,0.000858296265232451,0.822676751375407,0.0046540506662573,263,0.0442131317533793,0.77598467477433,0.77598467477433,0.77598467477433,10,"chaco1275"
"393",0.885159033712416,0.00760456273764259,0.77598467477433,0.000858296265232451,0.822676751375406,0.0046540506662573,263,0.0442131317533793,0.77598467477433,0.77598467477433,0.77598467477433,9,"chaco1275"
"394",0.882794037701392,0.00772200772200772,0.767681302565024,0.000903963803248936,0.816622020261959,0.00475798724878369,259,0.0466527664584606,0.767681302565024,0.767681302565024,0.767681302565024,8,"chaco1275"
"395",0.876336570861074,0.00772200772200772,0.744964233336326,0.000992357068730247,0.799791971613137,0.00484569794078638,259,0.0551763040625034,0.744964233336326,0.744964233336326,0.744964233336326,7,"chaco1275"
"396",0.850737241281011,0.00843881856540084,0.666201816491454,0.00142041780216403,0.737099915142767,0.00562784043674492,237,0.10296768042258,0.666201816491454,0.666201816491454,0.666201816491454,6,"chaco1275"
"397",0.820748236247482,0.00952380952380952,0.546320346320346,0.00218115218115218,0.625230490205901,0.00692228406514121,210,0.203978062688919,0.546320346320346,0.546320346320346,0.546320346320346,5,"chaco1275"
"398",0.791620536815819,0.0110497237569061,0.49158993247391,0.00284027970684966,0.552464147893662,0.00833375727914967,181,0.274582848782087,0.49158993247391,0.49158993247391,0.49158993247391,4,"chaco1275"
"399",0.892331193164188,0.0253164556962025,0.827328789354106,0.00224248325514148,0.853858979665315,0.0148439393752645,79,0.0540400692523057,0.827328789354106,0.827328789354106,0.827328789354106,3,"chaco1275"
"400",0.900601503759399,0.025974025974026,0.840738209159262,0.00212349054454318,0.865326524140712,0.0150553479329966,77,0.0477440676845793,0.840738209159262,0.840738209159262,0.840738209159262,2,"chaco1275"
